id;street_address;postal_code;type_address;number;complement;district;created_at;updated_at
1;mobile Fish;Home Loan Account Table Computer;COMMERCIAL;60111;alarm;Tasty Metal Bacon;2019-11-24T23:24:17;2019-11-25T16:50:01
2;Chips;Money Market Account;COMMERCIAL;52477;enable Gorgeous Frozen Pants;Common;2019-11-25T03:05:09;2019-11-25T07:05:19
3;syndicate;Mississippi Refined Rubber Chicken Table;OTHER;96563;cross-platform access;Public-key;2019-11-25T16:08:43;2019-11-25T11:21:58
4;Rubber Buckinghamshire Games;incentivize Tuna copy;APARTMENT;3131;synthesizing Views e-enable;Credit Card Account National Awesome;2019-11-25T17:13:34;2019-11-25T09:25:47
5;Tactics;scale interactive generating;COMMERCIAL;14092;back-end;Industrial;2019-11-25T11:46:06;2019-11-25T03:23:46
6;orange Books;magenta monitor 1080p;OTHER;85003;Highway Ergonomic;moratorium moratorium;2019-11-25T04:25:10;2019-11-25T07:44:19
7;tangible Mississippi;Frozen bus;APARTMENT;52273;partnerships Grocery Intelligent;Dynamic;2019-11-25T10:31:16;2019-11-25T14:23:07
8;Buckinghamshire Corporate;Investment Account;APARTMENT;59886;Chilean Peso Unidades de fomento;Web virtual deposit;2019-11-25T01:00:54;2019-11-25T10:58:23
9;mint green e-business EXE;back-end;HOME;42710;copying;ability Hat Iraq;2019-11-25T10:17:38;2019-11-25T16:35:57
10;Concrete 24/7 Directives;sky blue;OTHER;25391;Exclusive Moroccan Dirham card;zero tolerance;2019-11-25T21:02:40;2019-11-25T15:31:37
